,Relative_yield_change,P,E,PB,Tave,Tmax,Tmin
1920,0.0545,796.9,668.749,128.151,18.675,25.39096,3.5754
2944,0.8182,159.8,667.161,-507.361,19.7625,34.45457,5.2742
3263,-0.1525,560.1,444.589,115.511,30.1,41.91501,18.08905
755,-0.1485,502.5,510.423,-7.923,18.16667,25.69895,6.81734
1353,-0.4,681.0,605.264,75.736,23.83333,34.0873,12.49785
323,0.0898,376.7,571.233,-194.533,20.46667,32.92349,2.88252
2622,-0.2734,525.5,609.681,-84.181,22.38333,26.21487,8.72521
3866,0.3976,1222.7,707.708,514.992,12.51429,22.15133,7.95546
241,-0.2652,416.2,422.759,-6.559,15.64286,27.86493,5.89026
1751,0.0281,659.4,732.25,-72.85,20.875,31.60278,15.39401
2593,0.0686,364.0,572.642,-208.642,19.46667,31.78592,3.43443
4114,-0.0658,411.2,580.728,-169.528,21.43333,33.24197,3.26011
1459,0.6702,520.8,526.162,-5.362,20.41667,30.35739,8.60403
1607,-0.0358,755.6,629.893,125.707,21.53333,25.16097,8.72194
3960,0.064,443.7,431.219,12.481,18.64,28.80748,2.59857
2519,-0.4762,342.0,526.376,-184.376,24.825,26.99082,16.62827
801,-0.2893,806.4,537.739,268.661,18.8,29.28899,5.86404
1513,0.2807,389.6,432.875,-43.275,31.1,38.46637,26.5978
4329,0.0096,209.7000065,372.7283595,-163.028,14.08000002,24.99609172,-0.377882865
1700,-0.3661,630.9,774.199,-143.299,23.7,32.22831,17.98771
3384,-0.0964,295.3,691.762,-396.462,8.9,21.71303,1.28868
1433,0.1232,202.1,384.957,-182.857,31.72,41.81672,19.74682
3651,-0.1423,134.9,488.709,-353.809,15.9,24.49918,5.16301
1435,0.2105,489.9,406.5,83.4,30.62,38.91278,19.24657
2951,3.928,159.8,667.161,-507.361,19.7625,34.45457,5.2742
772,-0.0254,629.1,653.867,-24.767,23.76667,32.90654,12.2596
475,0.1516,684.5,533.719,150.781,20.56667,29.89469,7.46473
3015,-0.6279,695.2,449.951,245.249,15.4,26.30599,2.38646
1399,-0.274,191.3,546.572,-355.272,31.38,40.41361,20.41231
2427,-0.0484,554.3,479.931,74.369,17.71667,28.13424,5.21823
3319,-0.0556,530.2,543.476,-13.276,18.98333,31.00905,3.25557
4355,0.0467,239.3,377.762,-138.462,13.84,24.53529,0.1758
2602,0.297,390.1,599.818,-209.718,21.21667,33.81494,5.66872
2235,-0.0111,607.2,489.224,117.976,16.5,27.63915,3.76492
2912,-0.0623,418.7999954,571.5766397,-152.777,21.03333362,32.86364943,5.623964371
237,-0.3324,461.7,387.338,74.362,13.87143,27.23653,2.47817
674,0.0368,472.2,491.74,-19.54,20.23333,30.28013,7.77843
1710,-0.0212,555.7,775.185,-219.485,23.725,32.92098,18.02618
919,-0.3223,1127.4,705.97,421.43,26.3,30.80348,15.64812
1960,-0.1295,496.1,513.245,-17.145,17.65,30.015,0.75342
420,0.6667,562.7,612.8,-50.1,21.91667,33.37787,6.39951
4168,-0.0093,377.0,498.367,-121.367,17.03333,31.36214,3.60353
3404,-0.2666,421.0,657.249,-236.249,8.5,21.06027,2.35728
3003,0.0619,634.7,607.571,27.129,22.36667,33.45708,10.21842
2791,0.1767,843.5,449.03,394.47,29.74,40.53674,20.90237
2965,0.0202,1151.7,405.298,746.402,30.05,37.34504,27.14498
1419,0.5385,489.9,406.5,83.4,30.62,38.91278,19.24657
751,-0.0453,246.2,535.153,-288.953,18.6,26.97492,7.50703
2434,-0.5789,522.0,479.785,42.215,18.35,30.04979,3.83426
3898,-0.5793,201.1,556.621,-355.521,19.92857,32.23464,10.08076
1756,-0.1429,497.0,486.454,10.546,19.85,29.66522,5.8443
2426,0.1025,554.3,479.931,74.369,17.71667,28.13424,5.21823
4357,0.1102,330.9,384.529,-53.629,14.32,25.28738,0.09738
1728,-0.1435,565.7,780.391,-214.691,21.325,30.64233,15.96019
3922,-0.43,274.8,541.274,-266.474,18.92857,29.82978,8.56115
1972,-0.052,-20.3,436.493,-456.793,23.74,32.77048,12.7759
2447,0.1153,537.7,425.72,111.98,30.15,35.38459,25.78238
3326,-0.1181,447.3,549.174,-101.874,19.25,30.55226,2.8713
3645,-0.1751,256.1,483.236,-227.136,15.73333,24.67301,5.33668
3377,0.0125,508.4,659.49,-151.09,8.57143,18.98313,1.90458
3939,0.1441,249.9,486.537,-236.637,17.73333,25.59522,7.54019
1576,-0.1791,489.5,512.061,-22.561,17.58571,29.77124,5.90084
317,-0.1082,282.7,580.822,-298.122,20.46667,33.1505,5.02765
794,-0.071,616.1,573.728,42.372,19.55,28.75747,5.77022
758,-0.0105,420.1,556.534,-136.434,19.36667,25.53342,10.18117
1463,0.2405,700.5,538.405,162.095,21.33333,33.3985,8.79652
3966,-0.2121,400.0,450.886,-50.886,22.3,29.9373,9.46676
3919,-0.1173,375.6,552.309,-176.709,18.85714,31.47928,6.71796
1624,0.2795,487.2,635.314,-148.114,24.18333,34.94758,9.99827
2497,-0.025,342.0,526.376,-184.376,24.825,26.99082,16.62827
1692,-0.0556,627.6,433.926,193.674,14.3,26.0541,-2.70737
4342,-0.0053,288.3,360.971,-72.671,13.16,23.88756,-1.61313
2949,-0.2192,159.8,667.161,-507.361,19.7625,34.45457,5.2742
803,-0.3466,806.4,537.739,268.661,18.8,29.28899,5.86404
1658,-0.4348,538.8,486.87,51.93,18.11667,27.60596,5.86383
882,-0.3637,989.4,684.772,304.628,13.0,24.19251,6.46757
321,-0.0158,413.6,572.305,-158.705,19.5,33.12348,5.74753
559,-0.1149,447.6000023,559.736488,-112.136,20.80000019,34.64615754,4.477726598
1579,-0.4009,489.5,512.061,-22.561,17.58571,29.77124,5.90084
3415,0.071,708.0,648.636,59.364,8.57143,20.83226,2.32066
3867,-0.2276,1222.7,707.708,514.992,12.51429,22.15133,7.95546
1762,0.0769,514.6,504.795,9.805,20.43333,30.20961,9.49513
1726,-0.1799,565.7,780.391,-214.691,21.325,30.64233,15.96019
3265,0.0231,538.8,469.459,69.341,29.4,38.09192,19.49525
2594,0.0426,364.0,572.642,-208.642,19.46667,31.78592,3.43443
1695,0.1413,548.7,427.929,120.771,12.98571,24.70334,-5.42105
2596,-0.0611,364.0,572.642,-208.642,19.46667,31.78592,3.43443
63,0.0501,372.1999984,542.5349577,-170.335,16.83333341,31.3676935,0.722333847
1418,0.08,202.1,384.957,-182.857,31.72,41.81672,19.74682
3417,-0.049,511.3,531.315,-20.015,20.05,29.00681,7.15509
2606,1.5273,349.6,555.808,-206.208,20.95,34.54738,3.92343
1165,-0.0025,197.5,567.114,-369.614,14.04286,29.94307,-9.69776
1736,-0.1955,565.7,780.391,-214.691,21.325,30.64233,15.96019
774,0.0269,647.0,642.709,4.291,22.95,32.88844,11.05887
1444,0.0917,489.9,406.5,83.4,30.62,38.91278,19.24657
3920,-0.2152,375.6,552.309,-176.709,18.85714,31.47928,6.71796
1659,-0.0845,575.9,530.771,45.129,18.75,29.1432,6.40126
3513,0.7231,650.2,643.985,6.215,25.35,25.68532,14.17448
2587,0.4288,349.6,555.808,-206.208,20.95,34.54738,3.92343
4097,-0.1819,469.9,482.423,-12.523,15.76667,25.6944,2.79841
2600,0.5217,390.1,599.818,-209.718,21.21667,33.81494,5.66872
1048,0.1935,660.6,519.729,140.871,29.08,36.08873,16.77941
525,-0.0606,327.4999938,532.5715181,-205.072,20.36666616,29.63297395,5.493227067
1759,0.5484,790.5,534.921,255.579,20.88333,33.27005,7.94998
1697,-0.0524,530.8,476.555,54.245,14.94286,26.97893,-1.27904
4051,-0.0513,561.1,540.171,20.929,19.55,30.23676,1.81497
1665,-0.0294,445.2,535.055,-89.855,19.2,30.0553,4.95569
1129,-0.0993,524.9,550.974,-26.074,21.11667,31.31532,8.00487
1372,-0.4839,1567.8,759.599,808.202,17.8125,25.97563,8.48207
2763,0.0519,151.5,648.357,-496.857,18.975,33.35267,3.57247
1457,0.1753,632.1,503.966,128.134,20.15,29.33674,6.41483
3540,0.1374,306.7,422.652,-115.952,18.04,29.06431,2.79862
1964,0.255,349.7,486.561,-136.861,17.1,30.02162,2.66798
4351,0.0047,265.3,384.166,-118.866,13.62,23.51321,-1.16091
3991,-0.1764,838.3,595.544,242.756,21.96667,30.85223,9.8688
2950,0.6666,159.8,667.161,-507.361,19.7625,34.45457,5.2742
3320,-0.1416,530.2,543.476,-13.276,18.98333,31.00905,3.25557
1605,0.0705,755.6,629.893,125.707,21.53333,25.16097,8.72194
3270,0.0409,843.5,449.03,394.47,29.74,40.53674,20.90237
4044,-0.1696,518.8,531.091,-12.291,18.9,29.14876,1.58776
3851,-0.0129,751.0,496.244,254.756,17.81667,30.22943,6.30626
324,0.1091,530.0,525.675,4.325,19.0,31.65058,4.48831
4130,-0.2662,537.4,554.393,-16.993,19.51667,31.51285,5.7009
3014,-0.3793,695.2,449.951,245.249,15.4,26.30599,2.38646
4345,0.0051,221.2,405.638,-184.438,14.36,24.17025,0.68001
3391,0.0286,458.5,680.142,-221.642,8.17143,20.50167,1.56657
3378,0.0818,508.4,659.49,-151.09,8.57143,18.98313,1.90458
3266,0.1299,560.1,444.589,115.511,30.1,41.91501,18.08905
573,-0.0351,713.1,511.433,201.667,19.18333,32.73076,5.32257
4112,-0.3882,619.2,579.474,39.726,20.5,33.02875,1.94775
635,0.1507,459.0,463.741,-4.741,15.08333,26.11125,1.7455
521,-0.0486,789.9000092,473.6726913,316.227,18.88333337,27.56902466,5.056931526
2487,-0.6471,558.3,512.182,46.118,24.425,26.6788,17.19974
4125,0.0381,509.6,541.266,-31.666,19.35,33.61996,4.84391
675,0.0707,501.5,542.077,-40.577,21.46667,29.92385,8.76711
3537,-0.0047,258.9,412.508,-153.608,18.14,28.70729,-1.09092
1504,0.2407,468.0,440.731,27.269,31.15,38.58161,26.50431
538,0.0345,713.1,511.433,201.667,19.18333,32.73076,5.32257
1105,-0.2708,592.1,710.877,-118.777,19.52857,32.77286,12.24747
4335,-0.0572,460.1000075,378.1232325,81.977,14.52000008,22.54870605,2.445574607
3917,-0.4256,398.0,535.596,-137.596,18.21429,29.7739,9.02815
4128,-0.1044,806.4,537.739,268.661,18.8,29.28899,5.86404
2919,7.55,536.8,773.999,-237.199,24.57143,31.90284,11.58385
677,-0.007,423.8,529.532,-105.732,20.66667,28.42663,8.91625
3143,-0.2225,693.9,605.484,88.416,17.51429,25.78936,8.37571
4001,-0.2169,894.4,595.343,299.057,20.88333,32.00902,6.33477
4224,0.1364,1319.4,385.2,934.2,28.525,32.53722,25.76134
2066,0.1126,625.2,486.026,139.174,18.05,29.05464,3.61372
753,-0.0961,502.5,510.423,-7.923,18.16667,25.69895,6.81734
2747,-0.0249,484.3,405.625,78.675,14.24286,26.06737,3.71739
3849,-0.2278,489.1,468.903,20.197,16.03333,26.37735,2.8024
3416,0.0243,822.5000229,500.0239174,322.476,18.64999994,28.91500756,5.395620531
2726,0.1919,684.4,441.423,242.977,27.44,33.7616,22.35871
3994,-0.14,632.2,642.644,-10.444,22.4,33.63775,8.52692
642,-0.2267,521.4,443.414,77.986,15.08333,24.47484,3.65757
2496,-0.1429,558.3,512.182,46.118,24.425,26.6788,17.19974
2590,0.1628,364.0,572.642,-208.642,19.46667,31.78592,3.43443
4305,0.0239,260.5,381.57,-121.07,11.13333,23.96254,-1.04606
2794,0.204,759.9,457.165,302.735,29.48,38.21992,20.36134
4048,-0.0362,470.9,555.409,-84.509,20.48333,30.42576,2.4852
1470,-0.0111,640.3,523.89,116.41,20.73333,30.31787,10.0655
522,-0.0222,953.8999901,542.4032001,411.497,21.21666654,30.85077692,5.935089604
1716,-0.2957,571.3,489.549,81.751,17.82857,28.58132,6.63431
880,-0.1081,989.4,684.772,304.628,13.0,24.19251,6.46757
3298,-0.0854,1089.7,710.09,379.61,25.48333,29.24391,18.14437
876,0.2702,989.4,684.772,304.628,13.0,24.19251,6.46757
2151,-0.0004,68.5,810.192,-741.692,21.1,26.84079,6.93742
3413,-0.2941,708.0,648.636,59.364,8.57143,20.83226,2.32066
518,-0.0399,564.7,509.933,54.767,24.04,31.73262,14.99683
3933,-0.0931,499.3,446.6,52.7,16.03333,25.37778,6.16022
2790,0.0659,400.4,482.36,-81.96,30.72,41.17633,19.2845
531,-0.1429,773.8,460.628,313.172,16.65,25.75493,2.34993
869,0.223,911.3,680.005,231.295,13.5,23.79651,5.48964
2792,0.2105,538.8,469.459,69.341,29.4,38.09192,19.49525
4281,0.0157,255.0,402.269,-147.269,16.6,27.01016,2.36357
1932,-0.1084,213.1,415.56,-202.46,17.24,28.30306,3.01697
991,-0.0965,706.9,612.278,94.622,22.36667,31.32285,8.86395
1409,-0.0593,112.5,594.795,-482.295,19.48333,37.93914,1.5913
40,-0.0758,555.9,493.022,62.878,15.7,26.54872,0.79462
2064,0.5243,702.1,467.075,235.025,17.26667,26.88171,2.43886
877,0.1647,989.4,684.772,304.628,13.0,24.19251,6.46757
1602,-0.0024,755.6,629.893,125.707,21.53333,25.16097,8.72194
516,0.3049,575.6,528.719,46.881,24.96,33.96608,17.48646
4310,-0.1221,262.0,379.32,-117.32,11.15,22.09153,-0.10379
832,0.0,954.4,616.757,337.644,21.33333,25.57545,10.66417
2404,-0.0978,267.2,553.256,-286.056,13.92857,31.38396,-4.81392
4059,-0.1606,404.1,543.628,-139.528,20.65,30.93442,7.87919
2582,1.1049,349.6,555.808,-206.208,20.95,34.54738,3.92343
4349,0.1488,288.3,360.971,-72.671,13.16,23.88756,-1.61313
2547,0.5969,861.9000053,929.3934267,-67.493,28.9749999,28.98434041,16.10986427
4052,-0.0657,335.4,546.436,-211.036,19.68333,32.4931,2.44523
162,-0.2385,837.3,580.529,256.771,21.95,31.50594,8.81776
1044,-0.0625,625.5,508.436,117.064,29.34,36.97631,16.75304
771,0.1198,629.1,653.867,-24.767,23.76667,32.90654,12.2596
3990,-0.0743,838.3,595.544,242.756,21.96667,30.85223,9.8688
1741,-0.076,565.7,780.391,-214.691,21.325,30.64233,15.96019
2501,-0.0843,728.9,847.388,-118.488,20.0875,27.92987,13.61402
1836,0.5238,677.8,498.142,179.658,28.12,34.2233,23.29779
1951,-0.0473,661.8,547.844,113.956,18.46667,31.42917,3.25536
1520,0.058,686.1,399.885,286.215,30.45,36.3504,25.4138
3947,0.633,538.4,595.625,-57.225,21.05,32.2319,7.10583
1582,-0.1716,489.5,512.061,-22.561,17.58571,29.77124,5.90084
424,0.1339,483.2,602.573,-119.373,21.5,31.59027,9.1854
2629,-0.7114,440.5,651.133,-210.633,22.53333,28.11711,9.32528
1975,-0.0209,-22.5,449.864,-472.364,24.26,34.49054,13.94697
842,0.0046,771.1,605.914,165.186,20.28333,25.23432,11.56289
1755,-0.0395,497.0,486.454,10.546,19.85,29.66522,5.8443
1965,-0.2515,349.7,486.561,-136.861,17.1,30.02162,2.66798
1445,0.124,489.9,406.5,83.4,30.62,38.91278,19.24657
3351,-0.0845,589.0,521.901,67.099,30.44,40.54478,18.49906
4004,-0.1119,619.4,646.371,-26.971,23.25,32.34329,8.52078
2226,-0.1176,544.1,464.395,79.705,15.25,26.45092,2.04168
476,0.1213,684.5,533.719,150.781,20.56667,29.89469,7.46473
1474,-0.1717,367.8,567.965,-200.165,21.51667,31.46573,3.70733
474,0.1906,684.5,533.719,150.781,20.56667,29.89469,7.46473
1402,-0.1038,557.9,498.038,59.862,17.15,28.47067,5.607
634,-0.0729,556.9,471.576,85.324,15.75,26.07689,2.89739
2793,0.187,560.1,444.589,115.511,30.1,41.91501,18.08905
1935,-0.1084,213.1,415.56,-202.46,17.24,28.30306,3.01697
3934,-0.185,499.3,446.6,52.7,16.03333,25.37778,6.16022
1878,0.4286,288.6,551.639,-263.039,14.68333,23.49619,5.37768
1642,0.0,402.0,554.296,-152.296,19.71667,31.54964,-0.20791
2535,0.3828,973.5,728.527,244.973,24.8,28.01236,13.10176
3648,0.0942,216.7,499.893,-283.193,15.98333,27.22127,5.96513
1163,0.187,197.5,567.114,-369.614,14.04286,29.94307,-9.69776
2947,0.0256,159.8,667.161,-507.361,19.7625,34.45457,5.2742
773,-0.0256,629.1,653.867,-24.767,23.76667,32.90654,12.2596
1421,0.0972,499.7,394.544,105.156,31.78,40.21164,21.4263
3392,-0.1624,387.7,664.899,-277.199,8.77143,21.08856,3.85794
3379,0.0751,508.4,659.49,-151.09,8.57143,18.98313,1.90458
2800,2.2258,405.1,511.186,-106.086,15.11429,27.69235,5.07457
749,-0.3051,355.6,517.252,-161.652,18.8,27.50428,8.01219
3523,2.1568,650.2,643.985,6.215,25.35,25.68532,14.17448
2408,-0.0891,223.0,576.644,-353.644,14.8,31.98261,-5.42037
1517,0.0,428.7,428.454,0.246,30.3,34.36645,26.31444
1453,-0.0797,440.8,546.337,-105.537,21.26667,31.14711,6.27729
4352,0.1533,265.3,384.166,-118.866,13.62,23.51321,-1.16091
491,-0.0063,171.9,486.037,-314.137,19.38,32.5615,4.90113
1928,0.7459,148.0,412.828,-264.828,16.66,31.16043,4.51367
1169,-0.2005,253.0,566.023,-313.023,14.88571,29.96927,-3.21418
2537,0.4325,688.3,955.441,-267.141,21.925,26.1478,13.98877
2920,5.4075,336.0,752.554,-416.554,23.82857,31.72857,8.01619
649,0.0199,560.1,444.589,115.511,30.1,41.91501,18.08905
2764,0.2369,253.6,671.08,-417.48,19.6,33.27401,4.93877
4275,-0.0297,237.4,403.373,-165.973,16.96,29.09027,2.10085
1641,-0.0595,480.7,517.035,-36.335,19.06667,30.73293,0.53368
2721,-0.0758,448.6,517.099,-68.499,18.16667,28.07955,8.08939
3006,0.1,666.3,425.557,240.743,12.08571,26.04839,-4.40017
480,0.0,256.3,513.395,-257.095,21.14,35.06228,8.55298
1106,-0.2808,592.1,710.877,-118.777,19.52857,32.77286,12.24747
3010,-0.32,666.3,425.557,240.743,12.08571,26.04839,-4.40017
775,0.0101,647.0,642.709,4.291,22.95,32.88844,11.05887
1432,-0.0242,202.1,384.957,-182.857,31.72,41.81672,19.74682
1668,0.0182,429.0,541.629,-112.629,18.58333,29.48987,4.37156
640,0.0,529.1,512.126,16.974,16.81667,27.20437,2.04433
3643,0.0211,256.1,483.236,-227.136,15.73333,24.67301,5.33668
3853,-0.141,751.0,496.244,254.756,17.81667,30.22943,6.30626
535,-0.1241,675.6,494.83,180.77,17.95,28.69841,3.66189
3661,-0.006,216.7,499.893,-283.193,15.98333,27.22127,5.96513
3380,-0.193,597.5,608.938,-11.438,6.91429,18.74532,-0.57008
741,-0.6102,323.9,540.809,-216.909,19.83333,25.6416,10.45753
3395,-0.336,572.9,644.565,-71.665,7.91429,18.50414,1.49847
1603,0.1273,755.6,629.893,125.707,21.53333,25.16097,8.72194
3659,0.0219,216.7,499.893,-283.193,15.98333,27.22127,5.96513
1747,0.0099,659.4,732.25,-72.85,20.875,31.60278,15.39401
2624,-0.4798,525.5,609.681,-84.181,22.38333,26.21487,8.72521
3406,0.0473,421.0,657.249,-236.249,8.5,21.06027,2.35728
4225,0.3131,964.5,386.3,578.2,28.675,33.52842,25.72533
1933,-0.1046,337.8,450.882,-113.082,17.22,28.89948,2.38381
825,-0.0754,550.9,490.997,59.903,18.71667,28.17155,5.35148
1167,0.0402,253.0,566.023,-313.023,14.88571,29.96927,-3.21418
754,-0.0977,502.5,510.423,-7.923,18.16667,25.69895,6.81734
572,-0.0769,460.5,525.209,-64.709,19.91667,31.36946,6.17142
4344,-0.0509,320.6,383.032,-62.432,13.72,25.05716,0.08394
1651,-0.0309,547.8,524.161,23.639,19.65,29.8668,4.74574
1515,0.0167,638.7,396.206,242.494,30.025,35.45598,26.29375
1446,-0.0752,499.7,394.544,105.156,31.78,40.21164,21.4263
2159,-0.15,770.2,383.654,386.546,25.25,31.94111,20.4653
759,-0.0514,420.1,556.534,-136.434,19.36667,25.53342,10.18117
2511,-0.5,558.3,512.182,46.118,24.425,26.6788,17.19974
1838,0.1667,677.8,498.142,179.658,28.12,34.2233,23.29779
1045,-0.0313,505.1,542.553,-37.453,30.28,38.09358,19.64371
2445,-0.1682,656.6,634.372,22.228,21.71667,25.62066,8.03995
1134,-0.0182,533.8,548.603,-14.803,21.4,33.68884,8.97663
3862,-0.2131,750.0,659.37,90.63,12.34286,23.2259,5.94151
3381,-0.206,597.5,608.938,-11.438,6.91429,18.74532,-0.57008
2963,0.0,1338.6,381.209,957.391,29.3,34.18875,26.68599
3906,-0.1719,343.2,531.363,-188.163,18.55714,30.01398,6.87157
3958,0.0523,353.6,423.968,-70.368,19.22,28.41125,5.12454
3987,-0.201,542.6,642.077,-99.477,22.13333,35.02888,6.68193
1743,-0.0406,565.7,780.391,-214.691,21.325,30.64233,15.96019
4062,-0.0568,414.8,525.415,-110.615,18.63333,29.7984,7.28592
4120,-0.1519,355.8,548.01,-192.21,20.76667,32.67062,4.19659
161,-0.2741,834.0,629.7,204.3,22.76667,32.11294,11.09104
2515,-0.24,342.0,526.376,-184.376,24.825,26.99082,16.62827
1374,-0.0606,1567.8,759.599,808.202,17.8125,25.97563,8.48207
3297,0.3056,1089.7,710.09,379.61,25.48333,29.24391,18.14437
1468,0.0887,640.3,523.89,116.41,20.73333,30.31787,10.0655
519,-0.1512,558.7,570.454,-11.754,25.02,34.33841,16.4548
844,-0.1313,771.1,605.914,165.186,20.28333,25.23432,11.56289
2495,-0.4583,342.0,526.376,-184.376,24.825,26.99082,16.62827
875,-0.245,911.3,680.005,231.295,13.5,23.79651,5.48964
320,0.0515,565.7,554.054,11.646,20.3,35.41029,6.61514
2598,0.5999,390.1,599.818,-209.718,21.21667,33.81494,5.66872
3998,-0.3555,724.0,628.795,95.205,21.78333,31.13493,6.42071
861,0.0151,-11.0,249.642,-260.642,13.62,27.77941,-5.48222
2767,0.5065,253.6,671.08,-417.48,19.6,33.27401,4.93877
3346,-0.0988,589.0,521.901,67.099,30.44,40.54478,18.49906
2505,-0.0526,558.3,512.182,46.118,24.425,26.6788,17.19974
4331,0.0433,209.7000065,372.7283595,-163.028,14.08000002,24.99609172,-0.377882865
3375,-0.0481,545.6,664.571,-118.971,8.88571,20.22965,3.92448
1934,-0.0022,331.2,430.361,-99.161,16.76,28.86081,3.28446
770,-0.183,493.2,676.872,-183.672,24.25,34.36662,14.71335
1413,0.1207,202.1,384.957,-182.857,31.72,41.81672,19.74682
2890,-0.1324,410.0,475.816,-65.816,30.7,38.48885,17.90754
1583,-0.3535,489.5,512.061,-22.561,17.58571,29.77124,5.90084
1136,-0.0613,660.2,521.501,138.699,20.63333,30.74465,10.41143
3374,-0.0493,545.6,664.571,-118.971,8.88571,20.22965,3.92448
2948,0.3529,159.8,667.161,-507.361,19.7625,34.45457,5.2742
1654,-0.0822,1068.4,461.978,606.422,17.96667,27.72779,4.43333
2588,0.2593,364.0,572.642,-208.642,19.46667,31.78592,3.43443
1825,-0.1071,781.2,457.77,323.43,27.38,33.76276,22.5147
1666,-0.1739,445.2,535.055,-89.855,19.2,30.0553,4.95569
3980,-0.0321,660.3,589.067,71.233,23.05,32.42423,11.67686
3394,0.2821,387.7,664.899,-277.199,8.77143,21.08856,3.85794
220,0.0208,264.3,585.537,-321.237,17.61667,26.51865,6.44425
2725,-0.1412,448.6,517.099,-68.499,18.16667,28.07955,8.08939
3946,0.6777,538.4,595.625,-57.225,21.05,32.2319,7.10583
3261,-0.1463,843.5,449.03,394.47,29.74,40.53674,20.90237
747,-0.0107,632.8,483.756,149.044,18.66667,24.13222,10.73315
3926,-0.0144,720.4,520.345,200.055,16.36667,25.74929,5.59633
1745,-0.1124,659.4,732.25,-72.85,20.875,31.60278,15.39401
1865,-0.2955,591.0,486.557,104.443,18.41667,28.88535,4.94658
3388,0.0667,538.3,648.262,-109.962,7.8,18.91165,2.73168
1516,0.0625,643.5,418.64,224.86,31.0,40.00081,26.36022
2525,0.0096,724.3,1020.887,-296.587,30.075,31.11509,17.37379
2428,-0.0705,554.3,479.931,74.369,17.71667,28.13424,5.21823
886,-0.2617,1068.1,661.247,406.853,13.44286,24.50043,6.99138
1727,-0.1088,565.7,780.391,-214.691,21.325,30.64233,15.96019
3397,-0.1496,572.9,644.565,-71.665,7.91429,18.50414,1.49847
2586,0.6429,349.6,555.808,-206.208,20.95,34.54738,3.92343
879,-0.1021,989.4,684.772,304.628,13.0,24.19251,6.46757
3376,-0.0423,545.6,664.571,-118.971,8.88571,20.22965,3.92448
2746,0.0253,484.3,405.625,78.675,14.24286,26.06737,3.71739
1918,-0.0308,870.6,648.925,221.675,19.25,25.95875,3.59192
2765,0.9993,159.8,667.161,-507.361,19.7625,34.45457,5.2742
887,-0.5264,1068.1,661.247,406.853,13.44286,24.50043,6.99138
3669,-0.0093,555.2,474.612,80.588,23.2,30.50853,14.79686
1288,-0.0602,414.8,525.415,-110.615,18.63333,29.7984,7.28592
537,-0.0476,460.5,525.209,-64.709,19.91667,31.36946,6.17142
3516,1.5691,650.2,643.985,6.215,25.35,25.68532,14.17448
1640,-0.0215,480.7,517.035,-36.335,19.06667,30.73293,0.53368
2502,-0.0732,409.5,807.755,-398.255,19.6125,28.52661,11.30607
3941,-0.0086,249.9,486.537,-236.637,17.73333,25.59522,7.54019
1954,0.0648,557.2,463.262,93.938,16.46667,29.70962,4.91865
3660,0.0849,216.7,499.893,-283.193,15.98333,27.22127,5.96513
1672,-0.0709,573.4,561.393,12.007,19.71667,30.13879,5.57738
3943,0.0836,697.8,552.795,145.005,19.96667,29.51864,6.93195
2484,-0.1333,464.4,520.069,-55.669,24.35,26.48293,17.14181
2727,0.0546,684.4,441.423,242.977,27.44,33.7616,22.35871
3412,0.3906,447.3,690.027,-242.727,9.14286,23.2186,1.69684
1417,0.2727,202.1,384.957,-182.857,31.72,41.81672,19.74682
3262,-0.1511,538.8,469.459,69.341,29.4,38.09192,19.49525
739,-0.8448,762.8,531.951,230.849,17.1,30.80421,4.20473
574,0.4737,334.7,540.813,-206.113,19.9,32.64844,5.4728
3349,-0.0823,627.7,516.065,111.635,29.98,37.5226,17.66174
3385,0.0183,295.3,691.762,-396.462,8.9,21.71303,1.28868
236,-0.1148,397.9,419.37,-21.47,14.62857,25.18136,5.0761
4050,-0.0253,561.1,540.171,20.929,19.55,30.23676,1.81497
1652,-0.102,547.8,524.161,23.639,19.65,29.8668,4.74574
918,-0.2836,1574.3,706.494,867.806,25.96667,31.36874,16.4265
4133,0.0609,512.8,557.173,-44.373,19.7,32.74878,2.94235
1924,0.4495,560.0,695.686,-135.686,18.8375,28.19726,3.33722
745,0.0106,632.8,483.756,149.044,18.66667,24.13222,10.73315
2531,-0.289,958.4,738.978,219.422,24.01429,27.28121,11.99453
1137,-0.102,660.2,521.501,138.699,20.63333,30.74465,10.41143
3847,-0.1439,489.1,468.903,20.197,16.03333,26.37735,2.8024
1509,0.4242,510.0,420.045,89.955,30.85,37.50149,26.00586
2227,-0.0522,505.4,480.751,24.649,15.7,26.63531,3.68543
1864,0.022,465.2,533.244,-68.044,19.05,31.93325,2.16649
3411,0.2181,447.3,690.027,-242.727,9.14286,23.2186,1.69684
1287,-0.026,775.7,488.06,287.64,18.38333,28.71078,5.11918
543,-0.0365,647.8,510.915,136.885,19.05,32.46772,5.53272
2412,-0.3902,445.4,552.736,-107.336,13.85714,27.27658,-4.86435
1872,1.24,358.5,556.362,-197.862,13.6,24.71169,5.31306
4096,-0.1704,469.9,482.423,-12.523,15.76667,25.6944,2.79841
527,-0.0714,895.4,576.611,318.789,21.33333,31.31466,6.93685
4060,-0.0358,880.2,494.027,386.173,18.56667,29.32043,4.41404
3004,-0.0369,634.7,607.571,27.129,22.36667,33.45708,10.21842
4136,0.2927,510.9,574.225,-63.325,21.08333,32.57732,6.57518
421,4.0118,733.5,594.217,139.283,21.8,32.52586,7.40057
580,-0.237,465.0,503.426,-38.426,18.58333,28.37883,6.33503
637,0.022,516.0,477.15,38.85,16.68333,25.61568,4.57945
4092,-0.1957,572.1,492.007,80.093,15.98333,27.16554,1.73544
1834,0.8571,677.8,498.142,179.658,28.12,34.2233,23.29779
1744,-0.0217,659.4,732.25,-72.85,20.875,31.60278,15.39401
1827,-0.1667,677.8,498.142,179.658,28.12,34.2233,23.29779
1135,-0.4199,533.8,548.603,-14.803,21.4,33.68884,8.97663
1931,0.0387,331.2,430.361,-99.161,16.76,28.86081,3.28446
3538,0.1028,353.6,423.968,-70.368,19.22,28.41125,5.12454
1180,-0.2032,445.4,552.736,-107.336,13.85714,27.27658,-4.86435
542,-0.0576,487.1,527.38,-40.28,20.1,30.3156,5.52771
1870,0.325,201.5,526.173,-324.673,13.23333,26.2691,4.42474
3901,-0.1477,652.7,521.411,131.289,17.97143,29.63389,7.03558
3667,-0.0032,555.2,474.612,80.588,23.2,30.50853,14.79686
3520,0.6472,650.2,643.985,6.215,25.35,25.68532,14.17448
1501,0.7,857.1,388.134,468.966,29.8,35.81312,26.36653
846,-0.4011,771.1,605.914,165.186,20.28333,25.23432,11.56289
4121,-0.123,1027.5,504.866,522.634,18.36667,29.26888,4.1768
561,-0.2358,704.7,507.529,197.171,19.11667,28.68951,5.74631
2752,0.0233,403.5,428.102,-24.602,13.88571,26.64484,1.77962
2443,-0.2078,656.6,634.372,22.228,21.71667,25.62066,8.03995
1577,-0.4614,489.5,512.061,-22.561,17.58571,29.77124,5.90084
4009,0.2398,799.6,609.677,189.923,22.01667,31.09053,10.40166
2448,0.1011,398.7,440.559,-41.859,30.45,38.5614,25.08008
2492,-0.2,558.3,512.182,46.118,24.425,26.6788,17.19974
881,-0.1683,989.4,684.772,304.628,13.0,24.19251,6.46757
1667,-0.1075,447.3,549.174,-101.874,19.25,30.55226,2.8713
4113,-0.0637,411.2,580.728,-169.528,21.43333,33.24197,3.26011
2539,0.1042,991.1000009,905.3112985,85.789,26.98750019,28.99885215,15.60156742
1705,-0.6131,630.9,774.199,-143.299,23.7,32.22831,17.98771
643,0.5,454.6,500.97,-46.37,17.03333,28.03758,4.98223
2885,-0.3003,374.3,680.701,-306.401,25.08333,36.62847,14.02768
761,-0.0878,425.9,510.382,-84.482,18.18333,27.80017,7.15456
1703,-0.4299,630.9,774.199,-143.299,23.7,32.22831,17.98771
1930,-0.0615,351.5,439.794,-88.294,15.82,29.36472,4.0129
4354,0.0455,239.3,377.762,-138.462,13.84,24.53529,0.1758
3153,0.66,468.0,659.161,-191.161,24.13333,34.95042,12.99181
1824,0.1087,781.2,457.77,323.43,27.38,33.76276,22.5147
3944,0.7545,733.5,594.217,139.283,21.8,32.52586,7.40057
2745,-0.0661,432.8,396.822,35.978,14.08571,25.00612,4.77815
1742,0.0945,565.7,780.391,-214.691,21.325,30.64233,15.96019
1967,-0.1238,602.3,482.961,119.339,16.83333,27.21006,1.8438
1968,-0.1683,660.1,464.271,195.829,17.35,28.81297,2.04897
1828,0.194,781.2,457.77,323.43,27.38,33.76276,22.5147
1439,0.6863,489.9,406.5,83.4,30.62,38.91278,19.24657
4111,-0.2735,619.2,579.474,39.726,20.5,33.02875,1.94775
762,-0.1084,425.9,510.382,-84.482,18.18333,27.80017,7.15456
1174,-0.3492,267.2,553.256,-286.056,13.92857,31.38396,-4.81392
776,0.0029,647.0,642.709,4.291,22.95,32.88844,11.05887
3668,-0.0373,555.2,474.612,80.588,23.2,30.50853,14.79686
4338,-0.053,320.6000023,383.0320768,-62.432,13.71999969,25.05715647,0.083944813
889,-0.5693,1068.1,661.247,406.853,13.44286,24.50043,6.99138
2498,-0.5,558.3,512.182,46.118,24.425,26.6788,17.19974
3323,-0.0513,445.2,535.055,-89.855,19.2,30.0553,4.95569
3650,-0.1335,134.9,488.709,-353.809,15.9,24.49918,5.16301
4303,-0.0783,262.0,379.32,-117.32,11.15,22.09153,-0.10379
1729,0.0,565.7,780.391,-214.691,21.325,30.64233,15.96019
829,-0.167,721.7,470.185,251.516,18.61667,29.86553,6.86344
2580,2.7018,349.6,555.808,-206.208,20.95,34.54738,3.92343
1458,0.0899,632.1,503.966,128.134,20.15,29.33674,6.41483
1449,-0.1207,489.9,406.5,83.4,30.62,38.91278,19.24657
2967,0.0577,1151.7,405.298,746.402,30.05,37.34504,27.14498
729,-0.1203,453.8,649.775,-195.975,17.45714,26.10487,5.44561
426,0.0684,652.3,545.786,106.514,21.15,29.26216,8.45563
1925,0.3124,135.0,445.171,-310.171,16.58,30.94391,4.36965
4138,-0.1582,671.3,577.806,93.494,20.15,32.17956,5.23656
3985,0.066,542.6,642.077,-99.477,22.13333,35.02888,6.68193
744,-0.178,253.6,545.946,-292.346,19.48333,28.52332,9.11171
3007,0.0282,666.3,425.557,240.743,12.08571,26.04839,-4.40017
3897,-0.5299,521.1,518.82,2.28,18.37143,28.16035,8.35861
4002,-0.2312,894.4,595.343,299.057,20.88333,32.00902,6.33477
2410,-0.0844,445.4,552.736,-107.336,13.85714,27.27658,-4.86435
4171,-0.0324,377.0,498.367,-121.367,17.03333,31.36214,3.60353
2601,0.3333,390.1,599.818,-209.718,21.21667,33.81494,5.66872
1952,-0.0217,596.2,511.465,84.735,18.23333,29.03451,3.64107
3152,0.6835,468.0,659.161,-191.161,24.13333,34.95042,12.99181
2507,-0.4643,558.3,512.182,46.118,24.425,26.6788,17.19974
1411,-0.1429,499.7,394.544,105.156,31.78,40.21164,21.4263
2961,0.1505,741.3,417.193,324.107,29.95,36.4225,27.06985
3861,0.2012,750.0,659.37,90.63,12.34286,23.2259,5.94151
2585,0.7504,349.6,555.808,-206.208,20.95,34.54738,3.92343
3984,0.0847,542.6,642.077,-99.477,22.13333,35.02888,6.68193
4119,0.1416,355.8,548.01,-192.21,20.76667,32.67062,4.19659
1611,0.1037,322.8,654.113,-331.313,22.2,27.41816,7.9551
1733,-0.0652,565.7,780.391,-214.691,21.325,30.64233,15.96019
3959,-0.0921,328.5,436.997,-108.497,18.64,29.40154,3.51329
488,0.0136,409.0,470.83,-61.83,18.86,31.54318,7.40149
764,-0.2815,425.9,510.382,-84.482,18.18333,27.80017,7.15456
1868,-0.1625,481.7,502.769,-21.069,19.0,30.09698,4.24529
1623,-0.1578,801.7,609.524,192.176,23.35,32.12014,9.91029
3911,-0.1361,511.0,513.454,-2.454,17.84286,27.75401,8.77322
4399,-0.1186,524.0,484.803,39.197,16.25714,26.76758,4.04525
1016,-0.8432,762.8,531.951,230.849,17.1,30.80421,4.20473
2603,0.2466,390.1,599.818,-209.718,21.21667,33.81494,5.66872
3403,-0.0867,279.1,664.093,-384.993,8.02857,20.75053,1.0267
1176,-0.0647,223.0,576.644,-353.644,14.8,31.98261,-5.42037
250,0.4717,466.1,518.456,-52.356,17.2,31.69037,6.63699
3902,-0.3007,652.7,521.411,131.289,17.97143,29.63389,7.03558
742,-0.704,323.9,540.809,-216.909,19.83333,25.6416,10.45753
1837,0.36,677.8,498.142,179.658,28.12,34.2233,23.29779
1760,0.2424,790.5,534.921,255.579,20.88333,33.27005,7.94998
540,0.09,478.9,503.78,-24.88,19.01667,27.76024,5.64082
4056,0.0036,719.1,490.112,228.988,18.5,28.35973,5.22823
4401,-0.0758,507.2,488.113,19.087,17.0,27.07665,4.48937
632,-0.07,580.8,514.048,66.752,16.43333,27.26004,6.13498
1966,-0.0409,602.3,482.961,119.339,16.83333,27.21006,1.8438
1462,-0.0665,520.8,526.162,-5.362,20.41667,30.35739,8.60403
4122,-0.3949,1027.5,504.866,522.634,18.36667,29.26888,4.1768
1427,0.2083,202.1,384.957,-182.857,31.72,41.81672,19.74682
539,0.197,334.7,540.813,-206.113,19.9,32.64844,5.4728
1412,0.16,202.1,384.957,-182.857,31.72,41.81672,19.74682
1656,-0.1512,514.3,513.08,1.22,18.83333,31.09296,5.60768
4055,-0.248,604.2,507.199,97.001,18.6,29.51555,5.9568
833,-0.0271,954.4,616.757,337.644,21.33333,25.57545,10.66417
1168,-0.1765,253.0,566.023,-313.023,14.88571,29.96927,-3.21418
2584,0.8801,349.6,555.808,-206.208,20.95,34.54738,3.92343
2164,-0.1364,629.3,427.89,201.41,25.875,33.04975,20.35808
3352,-0.0857,912.1,464.142,447.958,29.68,39.81103,20.43515
2720,-0.0885,434.1,508.529,-74.429,17.16667,26.19134,6.65006
2789,0.0434,543.9,471.369,72.531,29.16,35.36128,20.86549
2743,-0.0179,432.8,396.822,35.978,14.08571,25.00612,4.77815
3387,-0.2272,538.3,648.262,-109.962,7.8,18.91165,2.73168
563,0.0,386.7,569.084,-182.384,20.98333,33.27053,6.80028
3001,0.1862,695.5,605.248,90.252,22.65,32.97991,9.33402
238,-0.2594,331.6,415.668,-84.068,15.32857,24.55087,5.82546
748,-0.0128,632.8,483.756,149.044,18.66667,24.13222,10.73315
1404,-0.1727,332.9,554.216,-221.316,18.76667,30.92929,-0.18549
3640,0.0277,134.9,488.709,-353.809,15.9,24.49918,5.16301
515,-0.2022,483.9,534.888,-50.988,16.14286,30.41045,1.28876
3843,-0.0387,380.2,512.046,-131.846,17.13333,29.65326,4.89069
1604,0.1197,755.6,629.893,125.707,21.53333,25.16097,8.72194
824,0.1738,550.9,490.997,59.903,18.71667,28.17155,5.35148
1448,0.0745,202.1,384.957,-182.857,31.72,41.81672,19.74682
3973,-0.0797,290.1,464.075,-173.975,22.82,29.74644,10.25183
2442,0.1543,656.6,634.372,22.228,21.71667,25.62066,8.03995
558,-0.0172,524.6999998,538.4389714,-13.739,20.50000048,32.49821423,5.561888172
3287,0.0388,355.9,442.997,-87.097,19.38,27.86418,10.53412
4010,0.1805,799.6,609.677,189.923,22.01667,31.09053,10.40166
1822,0.2,684.4,441.423,242.977,27.44,33.7616,22.35871
534,-0.1717,324.8,549.141,-224.341,18.81667,33.06065,2.87329
1926,-0.0228,191.3,460.878,-269.578,17.72,34.35523,6.05835
2516,-0.1563,558.3,512.182,46.118,24.425,26.6788,17.19974
4307,0.2573,231.9,401.124,-169.224,10.68333,22.94786,-1.89181
2583,1.0558,349.6,555.808,-206.208,20.95,34.54738,3.92343
2959,0.1064,741.3,417.193,324.107,29.95,36.4225,27.06985
4223,0.2364,1319.4,385.2,934.2,28.525,32.53722,25.76134
3350,-0.084,801.7,491.78,309.92,29.14,34.24281,20.35569
870,0.0721,911.3,680.005,231.295,13.5,23.79651,5.48964
3536,0.09,258.9,412.508,-153.608,18.14,28.70729,-1.09092
1182,-0.3324,445.4,552.736,-107.336,13.85714,27.27658,-4.86435
2722,-0.1391,418.2,541.217,-123.017,16.2,25.52041,5.62255
3389,-0.2474,458.5,680.142,-221.642,8.17143,20.50167,1.56657
2766,0.195,151.5,648.357,-496.857,18.975,33.35267,3.57247
3899,-0.6532,201.1,556.621,-355.521,19.92857,32.23464,10.08076
1735,0.0956,565.7,780.391,-214.691,21.325,30.64233,15.96019
4053,-0.0675,335.4,546.436,-211.036,19.68333,32.4931,2.44523
789,0.0212,1027.5,504.866,522.634,18.36667,29.26888,4.1768
3940,0.0501,249.9,486.537,-236.637,17.73333,25.59522,7.54019
1664,-0.2235,347.9,535.868,-187.968,19.81667,28.72965,7.02579
4353,0.0738,265.3,384.166,-118.866,13.62,23.51321,-1.16091
529,0.625,379.2,589.94,-210.74,21.66667,36.0036,6.03471
3521,0.3204,650.2,643.985,6.215,25.35,25.68532,14.17448
1456,0.2435,632.1,503.966,128.134,20.15,29.33674,6.41483
884,-0.0238,1068.1,661.247,406.853,13.44286,24.50043,6.99138
3981,-0.1051,660.3,589.067,71.233,23.05,32.42423,11.67686
1050,0.25,505.1,542.553,-37.453,30.28,38.09358,19.64371
840,-0.0889,1498.4,542.896,955.504,20.85,25.88517,12.58576
845,-0.1413,771.1,605.914,165.186,20.28333,25.23432,11.56289
1612,0.1812,322.8,654.113,-331.313,22.2,27.41816,7.9551
1950,-0.0496,601.3,536.967,64.333,18.46667,30.39688,4.97461
1625,-0.0472,521.3,603.905,-82.605,24.45,33.06484,13.34783
3322,-0.0755,347.9,535.868,-187.968,19.81667,28.72965,7.02579
4091,-0.1034,454.6,500.97,-46.37,17.03333,28.03758,4.98223
3662,0.0308,549.7,467.021,82.679,23.26,30.34392,15.63515
1467,0.2424,640.3,523.89,116.41,20.73333,30.31787,10.0655
4277,0.0907,320.1,406.935,-86.835,16.04,28.3571,1.87061
4061,-0.2025,880.2,494.027,386.173,18.56667,29.32043,4.41404
859,0.1037,-11.0,249.642,-260.642,13.62,27.77941,-5.48222
4047,-0.0819,773.0,482.841,290.159,18.0,27.72907,5.10311
1141,-0.1309,518.2,413.488,104.712,15.18333,22.68403,3.06619
3655,-0.017,256.1,483.236,-227.136,15.73333,24.67301,5.33668
1637,-0.1525,760.3,503.469,256.831,18.06667,31.50872,4.28239
3016,-0.6667,695.2,449.951,245.249,15.4,26.30599,2.38646
3910,-0.0575,511.0,513.454,-2.454,17.84286,27.75401,8.77322
3002,0.0933,695.5,605.248,90.252,22.65,32.97991,9.33402
1633,-0.0654,541.0,476.404,64.596,17.1,27.43294,2.39289
4306,-0.2287,260.5,381.57,-121.07,11.13333,23.96254,-1.04606
3154,-0.0272,468.0,659.161,-191.161,24.13333,34.95042,12.99181
3848,-0.1811,489.1,468.903,20.197,16.03333,26.37735,2.8024
3517,1.1087,650.2,643.985,6.215,25.35,25.68532,14.17448
2517,-0.084,342.0,526.376,-184.376,24.825,26.99082,16.62827
1670,-0.0614,607.2,500.912,106.288,18.06667,26.38556,5.33935
560,-0.1881,327.4999938,532.5715181,-205.072,20.36666616,29.63297395,5.493227067
2548,0.7911,961.1999922,630.7558451,330.444,24.81666692,25.05818422,15.08641692
1437,0.1512,202.1,384.957,-182.857,31.72,41.81672,19.74682
513,-0.0436,554.4,507.682,46.718,16.08571,28.81189,-0.16429
3908,-0.3374,349.9,541.295,-191.395,18.98571,32.13131,5.97867
3343,-0.0951,620.4,527.555,92.845,29.72,37.36216,20.16451
1450,0.5882,489.9,406.5,83.4,30.62,38.91278,19.24657
1510,0.4493,686.1,399.885,286.215,30.45,36.3504,25.4138
3904,-0.1357,343.2,531.363,-188.163,18.55714,30.01398,6.87157
2605,0.2025,390.1,599.818,-209.718,21.21667,33.81494,5.66872
1370,0.0,1567.8,759.599,808.202,17.8125,25.97563,8.48207
3983,-0.1492,660.3,589.067,71.233,23.05,32.42423,11.67686
1574,-0.104,489.5,512.061,-22.561,17.58571,29.77124,5.90084
3149,0.2453,847.1,683.766,163.334,24.78333,34.86976,10.59911
2504,-0.2391,464.4,520.069,-55.669,24.35,26.48293,17.14181
3997,-0.2069,724.0,628.795,95.205,21.78333,31.13493,6.42071
1970,-0.612,777.1,428.665,348.435,15.41667,26.56657,1.82102
2939,0.0236,410.3,526.477,-116.177,29.56,40.13661,16.83765
4008,0.2635,799.6,609.677,189.923,22.01667,31.09053,10.40166
576,-0.0845,498.6,472.837,25.763,18.16667,27.70464,4.34373
1373,-0.2703,1567.8,759.599,808.202,17.8125,25.97563,8.48207
676,0.1831,284.7,541.236,-256.536,21.3,32.11286,7.69194
3903,-0.5481,652.7,521.411,131.289,17.97143,29.63389,7.03558
1880,-0.0677,480.8,508.945,-28.145,19.7,30.69705,6.48635
790,0.0077,1027.5,504.866,522.634,18.36667,29.26888,4.1768
4049,-0.0501,527.4,554.448,-27.048,20.1,32.13412,3.14611
3967,-0.2168,452.0,432.966,19.034,22.06,27.99201,9.04353
638,-0.0105,516.0,477.15,38.85,16.68333,25.61568,4.57945
3639,-0.1672,134.9,488.709,-353.809,15.9,24.49918,5.16301
472,-0.1719,664.9,480.453,184.447,27.84,33.81404,22.65051
2945,1.4335,159.8,667.161,-507.361,19.7625,34.45457,5.2742
1955,-0.0176,557.2,463.262,93.938,16.46667,29.70962,4.91865
2536,1.4484,688.3,955.441,-267.141,21.925,26.1478,13.98877
4093,-0.2546,572.1,492.007,80.093,15.98333,27.16554,1.73544
1874,0.1019,363.7,499.776,-136.076,14.08333,21.71787,5.08644
4118,-0.35,569.0,554.804,14.196,20.45,31.07792,4.70649
862,0.0377,-11.0,249.642,-260.642,13.62,27.77941,-5.48222
2540,0.58,1003.199975,893.3684179,109.832,27.95000005,27.56810303,15.84720735
4337,0.1373,460.1000075,378.1232325,81.977,14.52000008,22.54870605,2.445574607
541,-0.1241,498.6,472.837,25.763,18.16667,27.70464,4.34373
4000,-0.0849,894.4,595.343,299.057,20.88333,32.00902,6.33477
3382,-0.0597,597.5,608.938,-11.438,6.91429,18.74532,-0.57008
2229,-0.0295,516.0,477.15,38.85,16.68333,25.61568,4.57945
2407,-0.0885,223.0,576.644,-353.644,14.8,31.98261,-5.42037
1606,0.1054,755.6,629.893,125.707,21.53333,25.16097,8.72194
3656,-0.1522,256.1,483.236,-227.136,15.73333,24.67301,5.33668
1839,0.0741,677.8,498.142,179.658,28.12,34.2233,23.29779
526,0.0394,704.7,507.529,197.171,19.11667,28.68951,5.74631
3405,-0.0924,421.0,657.249,-236.249,8.5,21.06027,2.35728
1465,0.1643,700.5,538.405,162.095,21.33333,33.3985,8.79652
1963,-0.1393,298.0,545.274,-247.274,18.33333,31.91642,-0.19772
2433,-0.4471,522.0,479.785,42.215,18.35,30.04979,3.83426
484,-0.0242,294.4,488.56,-194.16,20.02,32.0074,8.61479
648,0.5507,538.8,469.459,69.341,29.4,38.09192,19.49525
2952,0.2941,159.8,667.161,-507.361,19.7625,34.45457,5.2742
1460,0.1349,520.8,526.162,-5.362,20.41667,30.35739,8.60403
2162,-0.2821,677.9,381.057,296.843,25.825,34.06507,20.07154
740,-0.0637,473.2,470.843,2.357,17.61667,25.07256,7.87324
2544,0.3189,814.1000233,659.9085916,154.191,26.76666641,25.03714285,15.51644405
482,-0.0539,409.0,470.83,-61.83,18.86,31.54318,7.40149
1171,-0.0984,267.2,553.256,-286.056,13.92857,31.38396,-4.81392
42,-0.1622,642.0,484.948,157.052,16.16667,26.13306,2.31443
1181,-0.3051,445.4,552.736,-107.336,13.85714,27.27658,-4.86435
2542,0.6234,961.1999922,630.7558451,330.444,24.81666692,25.05818422,15.08641692
3850,-0.4583,489.1,468.903,20.197,16.03333,26.37735,2.8024
3931,-0.312,527.1000137,441.4342338,85.666,15.95000013,26.6362541,5.018897764
2405,-0.1689,267.2,553.256,-286.056,13.92857,31.38396,-4.81392
3988,-0.0328,838.3,595.544,242.756,21.96667,30.85223,9.8688
3969,-0.1263,381.7,441.69,-59.99,22.26,28.69421,10.67545
2068,-0.1234,903.7,427.094,476.606,16.45,27.0668,2.41443
577,-0.3053,487.1,527.38,-40.28,20.1,30.3156,5.52771
3663,0.0343,549.7,467.021,82.679,23.26,30.34392,15.63515
800,0.1375,806.4,537.739,268.661,18.8,29.28899,5.86404
1693,-0.0524,623.5,452.15,171.35,14.25714,27.46874,-4.82075
3140,0.0488,693.9,605.484,88.416,17.51429,25.78936,8.37571
1709,0.7861,555.7,775.185,-219.485,23.725,32.92098,18.02618
874,-0.0896,911.3,680.005,231.295,13.5,23.79651,5.48964
921,-0.0237,1003.4,727.617,275.783,27.03333,31.52832,17.43721
1826,0.0667,677.8,498.142,179.658,28.12,34.2233,23.29779
3999,-0.3963,724.0,628.795,95.205,21.78333,31.13493,6.42071
631,-0.0196,580.8,514.048,66.752,16.43333,27.26004,6.13498
1047,-0.0513,558.3,525.754,32.546,30.08,40.72791,18.32898
2753,-0.0163,403.5,428.102,-24.602,13.88571,26.64484,1.77962
1708,0.8908,555.7,775.185,-219.485,23.725,32.92098,18.02618
524,0.0441,447.6000023,559.736488,-112.136,20.80000019,34.64615754,4.477726598
3289,-0.2452,385.5,463.2,-77.7,21.34,29.89759,11.69641
3982,-0.129,660.3,589.067,71.233,23.05,32.42423,11.67686
3008,-0.1587,666.3,425.557,240.743,12.08571,26.04839,-4.40017
3348,-0.0913,620.4,527.555,92.845,29.72,37.36216,20.16451
1636,-0.0429,760.3,503.469,256.831,18.06667,31.50872,4.28239
756,-0.1814,502.5,510.423,-7.923,18.16667,25.69895,6.81734
4126,-0.1288,509.6,541.266,-31.666,19.35,33.61996,4.84391
4226,0.0714,964.5,386.3,578.2,28.675,33.52842,25.72533
1936,-0.0998,337.8,450.882,-113.082,17.22,28.89948,2.38381
3646,0.0519,216.7,499.893,-283.193,15.98333,27.22127,5.96513
3344,-0.0879,627.7,516.065,111.635,29.98,37.5226,17.66174
1714,-0.5979,658.1,494.673,163.427,16.82857,29.63748,5.99353
1835,0.7222,677.8,498.142,179.658,28.12,34.2233,23.29779
4347,0.0158,221.2,405.638,-184.438,14.36,24.17025,0.68001
3519,0.1836,650.2,643.985,6.215,25.35,25.68532,14.17448
2406,-0.2414,267.2,553.256,-286.056,13.92857,31.38396,-4.81392
564,1.2667,379.2,589.94,-210.74,21.66667,36.0036,6.03471
1635,-0.0526,594.1,461.588,132.512,17.41667,28.99163,4.96538
4115,-0.0576,636.9,535.245,101.655,19.71667,31.8859,4.8187
231,-0.128,288.4,390.685,-102.285,14.18571,25.82863,4.04374
804,-0.1338,1027.5,504.866,522.634,18.36667,29.26888,4.1768
3407,0.0332,525.1,679.758,-154.658,8.3,21.32608,3.09542
1355,0.0513,363.3,625.169,-261.869,23.78333,32.67227,10.46222
738,-0.2118,762.8,531.951,230.849,17.1,30.80421,4.20473
1643,-0.1481,402.0,554.296,-152.296,19.71667,31.54964,-0.20791
160,-0.5251,799.6,609.677,189.923,22.01667,31.09053,10.40166
1613,0.1611,322.8,654.113,-331.313,22.2,27.41816,7.9551
243,0.1271,526.4,393.164,133.236,14.11429,23.12823,4.51994
3647,0.0745,216.7,499.893,-283.193,15.98333,27.22127,5.96513
3874,-0.2925,750.0,659.37,90.63,12.34286,23.2259,5.94151
2441,-0.0108,656.6,634.372,22.228,21.71667,25.62066,8.03995
2804,0.5915,405.1,511.186,-106.086,15.11429,27.69235,5.07457
4135,0.4619,510.9,574.225,-63.325,21.08333,32.57732,6.57518
1927,0.5538,240.4,465.252,-224.852,17.9,33.8734,6.04443
760,-0.0597,420.1,556.534,-136.434,19.36667,25.53342,10.18117
3400,0.0736,332.3,697.401,-365.101,8.31429,21.2642,1.92811
242,-0.1268,269.6,413.333,-143.733,14.78571,29.17326,2.91577
1043,-0.0645,660.6,519.729,140.871,29.08,36.08873,16.77941
1663,-0.1667,530.200007,543.476275,-13.276,18.98333327,31.00904502,3.255567489
3844,-0.0457,380.2,512.046,-131.846,17.13333,29.65326,4.89069
3144,-0.2901,410.0,475.816,-65.816,30.7,38.48885,17.90754
3638,-0.141,134.9,488.709,-353.809,15.9,24.49918,5.16301
2788,0.2808,265.5,481.34,-215.84,30.82,41.46643,19.8821
3462,-0.0702,623.9,524.852,99.048,20.23333,31.05993,9.18225
437,0.0384,53.6,702.398,-648.798,25.9,33.66442,18.44878
3005,0.6923,666.3,425.557,240.743,12.08571,26.04839,-4.40017
1578,-0.0688,489.5,512.061,-22.561,17.58571,29.77124,5.90084
325,0.0856,546.3,563.897,-17.597,19.8,31.05623,4.28486
2802,0.3444,405.1,511.186,-106.086,15.11429,27.69235,5.07457
3534,0.0273,340.5,420.908,-80.408,18.64,29.43789,2.67676
4309,-0.0278,262.0,379.32,-117.32,11.15,22.09153,-0.10379
4003,-0.2537,894.4,595.343,299.057,20.88333,32.00902,6.33477
1866,-0.12,805.3,478.255,327.045,18.43333,28.05409,5.55813
3418,-0.0833,636.8,506.424,130.376,18.53333,30.00738,4.73855
3942,-0.084,249.9,486.537,-236.637,17.73333,25.59522,7.54019
1442,0.1269,202.1,384.957,-182.857,31.72,41.81672,19.74682
1632,-0.0588,541.0,476.404,64.596,17.1,27.43294,2.39289
1403,-0.0304,528.3,528.94,-0.64,18.0,30.04158,0.34914
3918,-0.4554,398.0,535.596,-137.596,18.21429,29.7739,9.02815
1177,-0.1007,223.0,576.644,-353.644,14.8,31.98261,-5.42037
4090,-0.0441,454.6,500.97,-46.37,17.03333,28.03758,4.98223
1746,-0.0638,659.4,732.25,-72.85,20.875,31.60278,15.39401
489,0.05,272.2,489.969,-217.769,20.14,32.51652,5.63464
795,-0.0757,616.1,573.728,42.372,19.55,28.75747,5.77022
1661,-0.0349,748.5,541.339,207.161,20.15,28.6768,6.19587
1398,-0.0602,191.3,546.572,-355.272,31.38,40.41361,20.41231
4137,0.007,671.3,577.806,93.494,20.15,32.17956,5.23656
835,-0.0591,954.4,616.757,337.644,21.33333,25.57545,10.66417
4127,-0.0893,806.4,537.739,268.661,18.8,29.28899,5.86404
1648,0.0227,546.4,514.306,32.094,18.8,30.37499,5.68792
1971,-0.6819,777.1,428.665,348.435,15.41667,26.56657,1.82102
1131,-0.0264,595.3,501.298,94.002,19.96667,30.12658,7.14011
1519,-0.0303,510.0,420.045,89.955,30.85,37.50149,26.00586
650,0.0708,560.1,444.589,115.511,30.1,41.91501,18.08905
2884,-0.1378,473.3,705.624,-232.324,24.68333,36.81158,12.31197
1645,0.0328,374.4,503.274,-128.874,18.46667,30.74134,3.73351
1166,-0.1154,197.5,567.114,-369.614,14.04286,29.94307,-9.69776
3345,-0.0952,801.7,491.78,309.92,29.14,34.24281,20.35569
2425,-0.3563,720.8,421.178,299.622,16.55,27.59575,2.14545
836,-0.2139,954.4,616.757,337.644,21.33333,25.57545,10.66417
2500,-0.1468,409.5,807.755,-398.255,19.6125,28.52661,11.30607
664,0.0166,435.800005,519.5685593,-83.769,17.28571415,27.77336465,6.381276777
802,-0.3157,806.4,537.739,268.661,18.8,29.28899,5.86404
3399,0.0104,332.3,697.401,-365.101,8.31429,21.2642,1.92811
544,0.321,464.4,536.397,-71.997,19.36667,32.85749,5.52775
726,-0.0127,796.4,664.476,131.924,18.64286,28.47854,8.17972
2623,-0.4008,525.5,609.681,-84.181,22.38333,26.21487,8.72521
4095,-0.2275,655.8,487.45,168.35,16.18333,25.99166,2.8238
1921,-0.182,749.6,668.824,80.776,18.9625,26.07631,4.34382
1867,-0.1127,376.5000038,536.6473087,-160.147,20.3166666,30.48089009,6.797803325
1369,-0.5357,1110.5,779.029,331.471,17.8125,26.44554,12.10658
2513,0.0368,342.0,526.376,-184.376,24.825,26.99082,16.62827
1655,-0.1792,537.1,530.731,6.369,19.0,28.13734,7.24214
3652,0.0072,134.9,488.709,-353.809,15.9,24.49918,5.16301
2160,-0.1951,770.2,383.654,386.546,25.25,31.94111,20.4653
4340,-0.1518,320.6000023,383.0320768,-62.432,13.71999969,25.05715647,0.083944813
240,-0.3285,378.2,407.489,-29.289,14.91429,26.174,4.26026
3914,-0.4978,371.1,498.976,-127.876,17.58571,27.40335,7.70542
571,0.0652,468.9,478.09,-9.19,17.66667,27.15856,4.54438
3666,0.1319,555.2,474.612,80.588,23.2,30.50853,14.79686
4011,-0.0534,799.6,609.677,189.923,22.01667,31.09053,10.40166
1173,-0.2361,267.2,553.256,-286.056,13.92857,31.38396,-4.81392
4333,0.0403,244.9999962,366.5145901,-121.515,13.32000003,24.1535802,-4.514760663
920,0.0492,883.2,728.03,155.17,26.08333,29.34542,16.69589
1286,-0.0101,775.7,488.06,287.64,18.38333,28.71078,5.11918
1757,0.0,608.6,520.453,88.147,20.61667,30.48053,8.29936
2805,0.4815,405.1,511.186,-106.086,15.11429,27.69235,5.07457
486,-0.0293,256.3,513.395,-257.095,21.14,35.06228,8.55298
3009,-0.2747,666.3,425.557,240.743,12.08571,26.04839,-4.40017
646,-0.2826,572.1,492.007,80.093,15.98333,27.16554,1.73544
828,-0.1496,721.7,470.185,251.516,18.61667,29.86553,6.86344
4313,0.0502,231.9,401.124,-169.224,10.68333,22.94786,-1.89181
2787,0.0904,759.9,457.165,302.735,29.48,38.21992,20.36134
3291,-0.093,265.9,478.293,-212.393,21.14,29.33641,10.44471
2067,-0.1044,625.2,486.026,139.174,18.05,29.05464,3.61372
481,0.0588,296.0,516.679,-220.679,20.2,31.34772,7.48366
3971,0.0244,424.2,458.787,-34.587,23.34,30.29687,11.63358
41,0.1736,642.0,484.948,157.052,16.16667,26.13306,2.31443
798,0.1375,509.6,541.266,-31.666,19.35,33.61996,4.84391
4334,-0.0755,244.9999962,366.5145901,-121.515,13.32000003,24.1535802,-4.514760663
1879,0.079,430.3,494.133,-63.833,19.43333,28.6942,6.09839
3325,0.0079,447.3,549.174,-101.874,19.25,30.55226,2.8713
878,-0.0517,989.4,684.772,304.628,13.0,24.19251,6.46757
1451,-0.0197,440.8,546.337,-105.537,21.26667,31.14711,6.27729
1738,0.1322,565.7,780.391,-214.691,21.325,30.64233,15.96019
3383,-0.3176,295.3,691.762,-396.462,8.9,21.71303,1.28868
234,-0.0943,336.2,411.782,-75.582,14.67143,24.48665,3.57502
1739,-0.1696,565.7,780.391,-214.691,21.325,30.64233,15.96019
3986,0.0343,542.6,642.077,-99.477,22.13333,35.02888,6.68193
3535,-0.0305,340.5,420.908,-80.408,18.64,29.43789,2.67676
1831,-0.15,781.2,457.77,323.43,27.38,33.76276,22.5147
1049,0.2188,625.5,508.436,117.064,29.34,36.97631,16.75304
3860,-0.0976,788.2,683.297,104.903,12.55714,22.42636,6.99854
765,0.2977,393.1,507.573,-114.473,16.44286,28.42426,2.39395
797,0.3434,509.6,541.266,-31.666,19.35,33.61996,4.84391
743,-0.1621,253.6,545.946,-292.346,19.48333,28.52332,9.11171
3290,-0.0961,384.1,468.743,-84.643,22.3,28.51738,11.0889
3012,-0.1127,695.2,449.951,245.249,15.4,26.30599,2.38646
873,-0.06,911.3,680.005,231.295,13.5,23.79651,5.48964
990,0.3421,706.9,612.278,94.622,22.36667,31.32285,8.86395
1130,-0.0081,595.3,501.298,94.002,19.96667,30.12658,7.14011
2762,0.015,159.8,667.161,-507.361,19.7625,34.45457,5.2742
3854,-0.2829,751.0,496.244,254.756,17.81667,30.22943,6.30626
1454,-0.25,440.8,546.337,-105.537,21.26667,31.14711,6.27729
2446,0.2569,656.6,634.372,22.228,21.71667,25.62066,8.03995
3401,-0.2702,279.1,664.093,-384.993,8.02857,20.75053,1.0267
1142,-0.105,313.8,493.206,-179.406,21.62,35.89181,15.09477
3664,0.0244,549.7,467.021,82.679,23.26,30.34392,15.63515
3402,-0.1177,279.1,664.093,-384.993,8.02857,20.75053,1.0267
1175,-0.0516,223.0,576.644,-353.644,14.8,31.98261,-5.42037
1750,0.0285,659.4,732.25,-72.85,20.875,31.60278,15.39401
1133,-0.0975,617.9,528.687,89.213,20.26667,30.25089,9.41076
1961,-0.2356,496.1,513.245,-17.145,17.65,30.015,0.75342
4124,-0.1774,616.1,573.728,42.372,19.55,28.75747,5.77022
4346,-0.0141,221.2,405.638,-184.438,14.36,24.17025,0.68001
2599,0.5457,390.1,599.818,-209.718,21.21667,33.81494,5.66872
3268,-0.0405,538.8,469.459,69.341,29.4,38.09192,19.49525
1973,-0.1348,25.8,444.238,-418.438,23.8,33.81107,13.65868
2490,-0.5726,464.4,520.069,-55.669,24.35,26.48293,17.14181
4131,-0.0663,659.5,567.388,92.112,20.88333,30.79197,7.39909
767,0.0155,890.3,444.378,445.922,15.71429,26.96951,2.43595
2486,-0.4545,464.4,520.069,-55.669,24.35,26.48293,17.14181
62,0.1625,503.5,541.433,-37.933,17.8,29.15936,3.41993
3912,-0.3941,511.0,513.454,-2.454,17.84286,27.75401,8.77322
3288,0.008,283.5,461.466,-177.966,22.26,30.37084,12.03878
1701,-0.4059,630.9,774.199,-143.299,23.7,32.22831,17.98771
2750,0.0582,403.5,428.102,-24.602,13.88571,26.64484,1.77962
1518,0.04,398.7,432.079,-33.379,30.5,37.48028,25.51267
1608,-0.0045,322.8,654.113,-331.313,22.2,27.41816,7.9551
2801,0.3623,405.1,511.186,-106.086,15.11429,27.69235,5.07457
1422,0.1,202.1,384.957,-182.857,31.72,41.81672,19.74682
4312,-0.0358,260.5,381.57,-121.07,11.13333,23.96254,-1.04606
629,0.0494,505.4,480.751,24.649,15.7,26.63531,3.68543
1758,-0.1453,666.3,504.676,161.624,20.18333,30.17312,7.95266
799,-0.0463,509.6,541.266,-31.666,19.35,33.61996,4.84391
1179,-0.0756,445.4,552.736,-107.336,13.85714,27.27658,-4.86435
1368,-0.3846,1110.5,779.029,331.471,17.8125,26.44554,12.10658
2150,0.0462,94.8,777.004,-682.204,21.46667,25.99207,7.18521
1749,-0.159,659.4,732.25,-72.85,20.875,31.60278,15.39401
1464,0.1939,700.5,538.405,162.095,21.33333,33.3985,8.79652
2630,-0.2,374.5999906,632.5140128,-257.914,22.41666667,27.22446987,11.45263278
1428,0.1429,202.1,384.957,-182.857,31.72,41.81672,19.74682
3864,0.1067,825.6,683.263,142.337,13.01429,22.67812,6.4591
3145,-0.4436,410.0,475.816,-65.816,30.7,38.48885,17.90754
575,0.3704,478.9,503.78,-24.88,19.01667,27.76024,5.64082
1660,-0.1,575.9,530.771,45.129,18.75,29.1432,6.40126
1352,0.0749,607.3,661.112,-53.812,24.71667,33.9445,11.11032
1753,0.0274,587.3,534.323,52.977,21.01667,30.87766,5.47548
39,-0.0238,555.9,493.022,62.878,15.7,26.54872,0.79462
3654,-0.1269,256.1,483.236,-227.136,15.73333,24.67301,5.33668
478,-0.0846,758.2,542.156,216.044,21.0,32.8958,7.43173
4172,-0.5805,427.8,541.065,-113.265,17.85,32.92859,3.59009
4280,0.0143,337.8,450.882,-113.082,17.22,28.89948,2.38381
1610,0.2208,322.8,654.113,-331.313,22.2,27.41816,7.9551
1875,0.0702,434.9,519.69,-84.79,14.06667,23.69089,4.94015
4054,0.0148,604.2,507.199,97.001,18.6,29.51555,5.9568
2493,0.0541,342.0,526.376,-184.376,24.825,26.99082,16.62827
2962,0.1052,1338.6,381.209,957.391,29.3,34.18875,26.68599
1285,0.0629,651.8,569.127,82.673,21.26667,31.9399,9.04046
235,-0.1609,301.3,400.28,-98.98,14.67143,25.6385,4.06182
2723,-0.108,420.7,552.26,-131.56,17.35,27.27467,6.81687
3932,-0.158,494.7,472.374,22.326,16.58333,27.52769,5.4467
1410,-0.0938,251.9,558.765,-306.865,19.76667,32.74687,3.58839
425,-0.2308,911.2,517.77,393.43,20.25,29.59638,7.15413
746,-0.0355,632.8,483.756,149.044,18.66667,24.13222,10.73315
2255,-0.2005,1311.8,781.084,530.716,24.01429,34.7436,17.98539
3347,-0.0959,912.1,464.142,447.958,29.68,39.81103,20.43515
1400,-0.0164,641.8,465.992,175.808,16.93333,28.78427,4.50361
830,-0.1678,721.7,470.185,251.516,18.61667,29.86553,6.86344
4278,0.0351,213.1,415.56,-202.46,17.24,28.30306,3.01697
1575,-0.192,489.5,512.061,-22.561,17.58571,29.77124,5.90084
4339,0.0172,320.6000023,383.0320768,-62.432,13.71999969,25.05715647,0.083944813
1956,-0.0239,646.2,497.767,148.433,17.16667,30.8548,4.05981
3514,0.5682,650.2,643.985,6.215,25.35,25.68532,14.17448
885,-0.1358,1068.1,661.247,406.853,13.44286,24.50043,6.99138
639,0.0769,529.1,512.126,16.974,16.81667,27.20437,2.04433
1367,-0.1833,1110.5,779.029,331.471,17.8125,26.44554,12.10658
1436,-0.0333,499.7,394.544,105.156,31.78,40.21164,21.4263
3522,1.102,650.2,643.985,6.215,25.35,25.68532,14.17448
728,0.0043,453.8,649.775,-195.975,17.45714,26.10487,5.44561
3396,-0.3062,572.9,644.565,-71.665,7.91429,18.50414,1.49847
319,-0.0221,603.1,513.386,89.714,18.78333,32.13759,6.28692
672,0.1792,405.9,519.175,-113.275,20.13333,29.90718,8.49378
2589,0.1899,364.0,572.642,-208.642,19.46667,31.78592,3.43443
556,-0.0833,789.9000092,473.6726913,316.227,18.88333337,27.56902466,5.056931526
1407,-0.2603,629.8,475.382,154.418,17.46667,28.3748,1.98725
1748,-0.1833,659.4,732.25,-72.85,20.875,31.60278,15.39401
1737,0.0439,565.7,780.391,-214.691,21.325,30.64233,15.96019
2503,-0.4253,728.9,847.388,-118.488,20.0875,27.92987,13.61402
1702,-0.414,630.9,774.199,-143.299,23.7,32.22831,17.98771
3296,0.0789,1089.7,710.09,379.61,25.48333,29.24391,18.14437
3658,0.034,216.7,499.893,-283.193,15.98333,27.22127,5.96513
796,0.373,509.6,541.266,-31.666,19.35,33.61996,4.84391
3409,0.2568,525.1,679.758,-154.658,8.3,21.32608,3.09542
4400,-0.0992,533.1,443.249,89.851,15.75714,26.23392,3.62873
2964,0.1354,1338.6,381.209,957.391,29.3,34.18875,26.68599
1472,0.0916,367.8,567.965,-200.165,21.51667,31.46573,3.70733
1365,-0.1111,1110.5,779.029,331.471,17.8125,26.44554,12.10658
2065,0.0294,702.1,467.075,235.025,17.26667,26.88171,2.43886
1406,-0.2859,731.6,497.577,234.023,17.16667,26.9738,1.82052
2409,-0.329,223.0,576.644,-353.644,14.8,31.98261,-5.42037
4358,0.2235,330.9,384.529,-53.629,14.32,25.28738,0.09738
2512,0.0,558.3,512.182,46.118,24.425,26.6788,17.19974
1923,-0.275,623.3,680.353,-57.053,18.55,25.12132,3.03518
3267,-0.1138,843.5,449.03,394.47,29.74,40.53674,20.90237
1622,0.0646,667.2,624.981,42.219,23.25,33.42112,9.48918
3870,-0.2689,841.9,670.672,171.228,12.41429,22.00519,7.05137
1673,-0.0943,447.3,532.482,-85.182,19.26667,30.21955,3.80808
4134,-0.0921,512.8,557.173,-44.373,19.7,32.74878,2.94235
3924,-0.7666,274.8,541.274,-266.474,18.92857,29.82978,8.56115
3273,-0.1625,23.3,499.741,-476.441,26.56,38.53233,11.99749
1415,0.2745,489.9,406.5,83.4,30.62,38.91278,19.24657
3945,-0.2008,733.5,594.217,139.283,21.8,32.52586,7.40057
1585,-0.4619,489.5,512.061,-22.561,17.58571,29.77124,5.90084
3909,-0.3763,349.9,541.295,-191.395,18.98571,32.13131,5.97867
1731,0.0491,565.7,780.391,-214.691,21.325,30.64233,15.96019
2549,0.7111,921.6999931,642.9647165,278.735,26.25,26.41750016,15.21808649
1508,0.3333,398.7,432.079,-33.379,30.5,37.48028,25.51267
1440,0.1205,489.9,406.5,83.4,30.62,38.91278,19.24657
791,0.0067,1027.5,504.866,522.634,18.36667,29.26888,4.1768
2233,-0.1252,693.3,442.599,250.701,16.0,27.34721,3.20236
630,-0.3373,505.4,480.751,24.649,15.7,26.63531,3.68543
4046,-0.0736,737.0,493.374,243.626,18.21667,29.02979,4.58544
3641,-0.2467,134.9,488.709,-353.809,15.9,24.49918,5.16301
1461,0.0764,520.8,526.162,-5.362,20.41667,30.35739,8.60403
1128,-0.0614,524.9,550.974,-26.074,21.11667,31.31532,8.00487
923,-0.036,1073.4,705.208,368.192,25.66667,31.14505,17.61165
533,-0.1618,451.9,497.046,-45.146,18.16667,30.66593,4.51232
3863,1.738,825.6,683.263,142.337,13.01429,22.67812,6.4591
1631,-0.0104,683.2,528.127,155.073,18.13333,30.41502,2.95163
4117,0.0067,569.0,554.804,14.196,20.45,31.07792,4.70649
3271,0.0257,538.8,469.459,69.341,29.4,38.09192,19.49525
3895,-0.3623,521.1,518.82,2.28,18.37143,28.16035,8.35861
2429,-0.159,554.3,479.931,74.369,17.71667,28.13424,5.21823
2597,0.7461,390.1,599.818,-209.718,21.21667,33.81494,5.66872
3921,-0.3165,375.6,552.309,-176.709,18.85714,31.47928,6.71796
3873,0.1611,750.0,659.37,90.63,12.34286,23.2259,5.94151
2609,0.4318,377.1,553.211,-176.111,19.56667,34.49125,2.97303
1732,-0.0315,565.7,780.391,-214.691,21.325,30.64233,15.96019
3264,0.05,843.5,449.03,394.47,29.74,40.53674,20.90237
1969,-0.3612,660.1,464.271,195.829,17.35,28.81297,2.04897
2489,-0.04,558.3,512.182,46.118,24.425,26.6788,17.19974
1754,-0.0704,587.3,534.323,52.977,21.01667,30.87766,5.47548
2742,-0.008,432.8,396.822,35.978,14.08571,25.00612,4.77815
2946,0.1229,159.8,667.161,-507.361,19.7625,34.45457,5.2742
2530,-0.2722,958.4,738.978,219.422,24.01429,27.28121,11.99453
1178,-0.3226,223.0,576.644,-353.644,14.8,31.98261,-5.42037
2532,0.6327,958.4,738.978,219.422,24.01429,27.28121,11.99453
841,-0.0924,1498.4,542.896,955.504,20.85,25.88517,12.58576
1424,0.0741,489.9,406.5,83.4,30.62,38.91278,19.24657
763,-0.1481,425.9,510.382,-84.482,18.18333,27.80017,7.15456
485,-0.0338,171.9,486.037,-314.137,19.38,32.5615,4.90113
1647,-0.0339,361.5,582.952,-221.452,20.5,32.37624,2.20305
2508,-0.1358,464.4,520.069,-55.669,24.35,26.48293,17.14181
2592,0.1054,364.0,572.642,-208.642,19.46667,31.78592,3.43443
1953,0.1374,527.2,517.26,9.94,18.26667,29.90518,2.11911
2163,0.0455,629.3,427.89,201.41,25.875,33.04975,20.35808
2527,-0.0858,724.3,1020.887,-296.587,30.075,31.11509,17.37379
1877,0.0784,311.1,505.095,-193.995,12.9,21.61279,2.85842
636,-0.0843,459.0,463.741,-4.741,15.08333,26.11125,1.7455
3642,-0.1454,256.1,483.236,-227.136,15.73333,24.67301,5.33668
2149,-0.0243,-42.0,663.037,-705.037,22.61667,27.90005,6.29855
2911,-0.0826,418.7999954,571.5766397,-152.777,21.03333362,32.86364943,5.623964371
2595,-0.0281,364.0,572.642,-208.642,19.46667,31.78592,3.43443
1420,0.08,489.9,406.5,83.4,30.62,38.91278,19.24657
1132,-0.0165,617.9,528.687,89.213,20.26667,30.25089,9.41076
4123,-0.0997,616.1,573.728,42.372,19.55,28.75747,5.77022
514,-0.0449,483.9,534.888,-50.988,16.14286,30.41045,1.28876
61,-0.123,503.5,541.433,-37.933,17.8,29.15936,3.41993
1974,-0.1088,59.2,451.041,-391.841,24.14,33.02869,13.61848
423,-0.0077,544.1,602.167,-58.067,20.15,29.46641,7.04664
1639,-0.1803,568.7,486.641,82.059,18.03333,29.35349,5.84166
2545,0.0028,991.1000009,905.3112985,85.789,26.98750019,28.99885215,15.60156742
2625,0.0824,525.5,609.681,-84.181,22.38333,26.21487,8.72521
2608,0.5941,390.1,599.818,-209.718,21.21667,33.81494,5.66872
2491,-0.8,558.3,512.182,46.118,24.425,26.6788,17.19974
4005,-0.1616,619.4,646.371,-26.971,23.25,32.34329,8.52078
3913,-0.0537,371.1,498.976,-127.876,17.58571,27.40335,7.70542
1959,-0.1436,538.9,483.63,55.27,16.68333,28.45637,5.49375
232,-0.3216,271.8,418.851,-147.051,14.98571,25.59155,2.9699
4304,-0.0957,262.0,379.32,-117.32,11.15,22.09153,-0.10379
3916,-0.1612,398.0,535.596,-137.596,18.21429,29.7739,9.02815
4350,-0.0154,288.3,360.971,-72.671,13.16,23.88756,-1.61313
2543,0.367,921.6999931,642.9647165,278.735,26.25,26.41750016,15.21808649
1922,-0.0374,480.3,681.498,-201.198,19.45,26.76873,3.33438
3269,-0.137,560.1,444.589,115.511,30.1,41.91501,18.08905
1466,0.0798,700.5,538.405,162.095,21.33333,33.3985,8.79652
4343,-0.0599,460.1,378.123,81.977,14.52,22.54871,2.44557
536,0.043,468.9,478.09,-9.19,17.66667,27.15856,4.54438
1104,0.2355,223.8,676.238,-452.438,23.06667,27.26348,6.70592
2749,-0.105,484.3,405.625,78.675,14.24286,26.06737,3.71739
1740,0.0509,565.7,780.391,-214.691,21.325,30.64233,15.96019
2069,-0.4339,903.7,427.094,476.606,16.45,27.0668,2.41443
532,-0.1901,683.7,496.799,186.901,18.86667,28.9411,3.83533
2232,-0.2467,469.9,482.423,-12.523,15.76667,25.6944,2.79841
2070,0.5,583.7,489.624,94.076,17.08333,27.4853,5.79155
1469,0.0511,640.3,523.89,116.41,20.73333,30.31787,10.0655
2538,0.6291,688.3,955.441,-267.141,21.925,26.1478,13.98877
221,0.7477,415.5,591.695,-176.195,17.01667,28.8529,5.31679
520,-0.3227,588.1,541.79,46.31,24.8,32.78049,16.45278
3896,-0.4301,521.1,518.82,2.28,18.37143,28.16035,8.35861
3398,-0.2095,332.3,697.401,-365.101,8.31429,21.2642,1.92811
4169,-0.1353,427.8,541.065,-113.265,17.85,32.92859,3.59009
1830,-0.0789,781.2,457.77,323.43,27.38,33.76276,22.5147
3992,0.0726,632.2,642.644,-10.444,22.4,33.63775,8.52692
477,0.0641,758.2,542.156,216.044,21.0,32.8958,7.43173
1455,0.2801,632.1,503.966,128.134,20.15,29.33674,6.41483
860,0.0585,-11.0,249.642,-260.642,13.62,27.77941,-5.48222
1416,0.0303,499.7,394.544,105.156,31.78,40.21164,21.4263
1431,-0.0552,499.7,394.544,105.156,31.78,40.21164,21.4263
1669,0.0,429.0,541.629,-112.629,18.58333,29.48987,4.37156
331,-0.5723,310.0,568.509,-258.509,21.25,33.94712,8.06742
1657,-0.3542,514.3,513.08,1.22,18.83333,31.09296,5.60768
883,0.2991,1068.1,661.247,406.853,13.44286,24.50043,6.99138
3915,-0.5506,371.1,498.976,-127.876,17.58571,27.40335,7.70542
3653,-0.23,134.9,488.709,-353.809,15.9,24.49918,5.16301
2509,0.0233,558.3,512.182,46.118,24.425,26.6788,17.19974
4058,-0.0259,404.1,543.628,-139.528,20.65,30.93442,7.87919
3993,0.0417,632.2,642.644,-10.444,22.4,33.63775,8.52692
1715,-0.5328,288.2,530.386,-242.186,18.12857,30.01427,8.12122
3995,-0.256,632.2,642.644,-10.444,22.4,33.63775,8.52692
